City_ID,City,Lat,Lng,Max Temp,Humidity,Cloudiness,Wind Speed,Country,Date
0,yellowknife,62.456,-114.3525,247.44,76,20,1.54,CA,1676764896
1,bilibino,68.0546,166.4372,251.05,95,100,0.42,RU,1676765431
2,bethel,41.3712,-73.414,277.35,49,0,2.06,US,1676765194
3,punta arenas,-53.15,-70.9167,284.21,58,75,7.72,CL,1676765142
4,malanje,-9.5402,16.341,291.61,98,100,1.48,AO,1676765438
5,port alfred,-33.5906,26.891,293.81,96,76,1.33,ZA,1676765439
6,katsuura,35.1333,140.3,290.26,77,88,16.38,JP,1676765365
7,ushuaia,-54.8,-68.3,283.96,54,40,1.54,AR,1676765440
8,plainview,40.7765,-73.4673,278.41,52,0,4.12,US,1676765441
9,bambanglipuro,-7.95,110.2833,298.37,87,100,2.5,ID,1676765441
10,suicheng,33.8963,117.9331,276.58,58,43,3.66,CN,1676765442
11,mataura,-46.1927,168.8643,295.49,44,100,4.71,NZ,1676765443
12,seoul,37.5683,126.9778,276.81,90,75,1.54,KR,1676765001
13,khatanga,71.9667,102.5,263.25,93,100,6.91,RU,1676765444
14,batagay-alyta,67.8006,130.4114,236.49,98,58,2.23,RU,1676765444
15,kapaa,22.0752,-159.319,297.14,91,100,6.17,US,1676765444
16,vila franca do campo,37.7167,-25.4333,287.38,79,75,3.13,PT,1676765445
17,bluff,-46.6,168.3333,291.98,68,100,8.46,NZ,1676765446
18,hithadhoo,-0.6,73.0833,300.25,76,80,3.46,MV,1676765446
19,tasiilaq,65.6145,-37.6368,268.24,91,100,16.53,GL,1676765447
20,auki,-8.7676,160.7034,302.94,65,96,0.74,SB,1676765449
21,salme,28.0369,85.0942,283.31,54,0,2.55,NP,1676765450
22,ponta delgada,37.7333,-25.6667,287.55,72,75,3.6,PT,1676765239
23,albany,42.6001,-73.9662,274.71,53,53,0.89,US,1676765450
24,flinders,-34.5833,150.8552,299.36,68,51,1.79,AU,1676765451
25,busselton,-33.65,115.3333,292.56,67,53,5.75,AU,1676765451
26,new norfolk,-42.7826,147.0587,295.21,46,100,2.24,AU,1676765452
27,manitouwadge,49.1215,-85.8403,261.69,96,93,1.82,CA,1676765453
28,egvekinot,66.3167,-179.1667,245.66,85,100,4.15,RU,1676765453
29,puerto ayora,-0.7393,-90.3518,300.68,92,52,3.13,EC,1676765316
30,gornyy,55.1153,83.9059,263.45,90,93,7.15,RU,1676765453
31,tirumullaivasal,11.2333,79.8333,296.71,81,5,2.75,IN,1676765454
32,tongliao,43.6125,122.2653,266.08,43,18,5.5,CN,1676765454
33,dikson,73.5069,80.5464,256.23,98,100,8.26,RU,1676765455
34,san rafael,-34.6177,-68.3301,293.75,19,0,5.89,AR,1676765241
35,juruti,-2.1522,-56.0922,297.18,92,97,0.84,BR,1676765455
36,westport,41.1415,-73.3579,278.57,58,0,5.14,US,1676765169
37,coihaique,-45.5752,-72.0662,288.12,47,0,3.09,CL,1676765270
38,upington,-28.4478,21.2561,295.56,24,0,3.7,ZA,1676765456
39,san cristobal,7.7669,-72.225,294.25,86,22,1.14,VE,1676765456
40,cockburn town,21.4612,-71.1419,297.8,74,0,9.39,TC,1676765457
41,leningradskiy,69.3833,178.4167,236.77,97,34,1.13,RU,1676765457
42,bengkulu,-3.8004,102.2655,297.66,88,100,1.82,ID,1676765458
43,boissevain,49.2306,-100.0559,270.43,98,100,1.19,CA,1676765458
44,koumac,-20.5667,164.2833,300.52,61,26,3.43,NC,1676765459
45,almenara,-16.1836,-40.6944,297.78,70,72,1.52,BR,1676765459
46,inhambane,-23.865,35.3833,298.99,89,47,3.57,MZ,1676765460
47,port blair,11.6667,92.75,298.25,80,12,3.38,IN,1676765460
48,anzio,41.4853,12.6179,284.54,80,89,2.3,IT,1676765461
49,cidreira,-30.1811,-50.2056,292.5,53,1,4.93,BR,1676765461
50,hilo,19.7297,-155.09,294.32,97,100,1.54,US,1676765462
51,jamestown,42.097,-79.2353,275.77,55,0,3.09,US,1676765195
52,port elizabeth,-33.918,25.5701,291.54,76,97,1.24,ZA,1676765464
53,yazd,31.8972,54.3675,277.21,75,0,1.03,IR,1676765468
54,alcains,39.9164,-7.4566,281.99,87,84,2.03,PT,1676765470
55,ribeira grande,38.5167,-28.7,288.58,89,81,2.24,PT,1676765470
56,arraial do cabo,-22.9661,-42.0278,297.83,91,99,8.05,BR,1676765253
57,castro,-24.7911,-50.0119,287.69,97,100,3.89,BR,1676765473
58,vaini,-21.2,-175.2,300.67,80,76,6.44,TO,1676765476
59,comodoro rivadavia,-45.8667,-67.5,292.07,45,40,3.09,AR,1676765476
60,cape town,-33.9258,18.4232,294.21,76,0,4.12,ZA,1676765146
61,haines junction,60.7522,-137.5108,270.82,93,100,0.79,CA,1676765478
62,hobart,-42.8794,147.3294,295.4,49,0,6.69,AU,1676765478
63,rikitea,-23.1203,-134.9692,299.74,75,97,7.72,PF,1676765245
64,lebu,-37.6167,-73.65,287.59,88,55,6.97,CL,1676765491
65,faanui,-16.4833,-151.75,301.17,68,7,4.94,PF,1676765496
66,muyezerskiy,63.9333,31.65,265.68,91,100,5.11,RU,1676765498
67,cabo san lucas,22.8909,-109.9124,297.93,60,20,5.66,MX,1676765471
68,itarema,-2.9248,-39.9167,298.73,84,93,4.61,BR,1676765499
69,mogadishu,2.0371,45.3438,297.44,81,74,8.91,SO,1676765499
70,agadez,19.75,10.25,287.69,19,0,4.44,NE,1676765500
71,usinsk,65.9939,57.5281,252.59,99,67,3.04,RU,1676765500
72,santa maria,-29.6842,-53.8069,288.19,32,0,0.94,BR,1676765280
73,agen,44.2,0.6333,278.2,100,0,1.03,FR,1676765501
74,konya,38.1667,32.5,268.86,61,65,1.12,TR,1676765502
75,baruun-urt,46.6806,113.2792,257.64,73,15,5.89,MN,1676765503
76,kangaatsiaq,68.3065,-53.4641,257.97,99,66,3.16,GL,1676765503
77,jiazi,22.8779,116.067,293.46,69,98,2.04,CN,1676765504
78,torbay,47.6666,-52.7314,266.25,90,98,7.35,CA,1676765504
79,tuktoyaktuk,69.4541,-133.0374,245.33,91,57,4.53,CA,1676765505
80,novoorsk,51.381,58.9813,260.51,96,100,3.94,RU,1676765505
81,anloga,5.7947,0.8973,299.66,72,59,3.41,GH,1676765506
82,narsaq,60.9167,-46.05,267.27,96,100,1.4,GL,1676765506
83,rocha,-34.4833,-54.3333,286.11,55,4,1.33,UY,1676765507
84,urumqi,43.801,87.6005,260.68,92,40,0.0,CN,1676765507
85,komsomolskiy,40.4272,71.7189,278.55,93,75,1.03,UZ,1676765508
86,hervey bay,-25.2986,152.8535,300.94,68,56,4.92,AU,1676765508
87,udachnyy,66.4167,112.4,247.84,83,99,2.01,RU,1676765508
88,kodiak,57.79,-152.4072,276.88,70,40,4.12,US,1676765509
89,padang,-0.9492,100.3543,298.36,86,79,1.73,ID,1676765284
90,nove straseci,50.1527,13.9004,282.4,88,100,6.71,CZ,1676765510
91,guasdualito,7.2424,-70.7324,300.73,35,9,1.61,VE,1676765510
92,avarua,-21.2078,-159.775,301.18,78,75,5.66,CK,1676765510
93,hanko,59.8333,22.95,273.7,94,100,15.65,FI,1676765511
94,pordim,43.3833,24.85,278.57,61,68,2.71,BG,1676765512
95,hermanus,-34.4187,19.2345,290.26,79,67,3.54,ZA,1676765512
96,geraldton,-28.7667,114.6,297.38,78,75,7.2,AU,1676765244
97,vostok,46.4856,135.8833,259.93,90,100,0.24,RU,1676765513
98,salalah,17.0151,54.0924,299.2,36,0,7.2,OM,1676765513
99,sao filipe,14.8961,-24.4956,294.4,75,96,3.58,CV,1676765514
100,pussi,59.36,27.0497,270.37,96,100,2.18,EE,1676765514
101,tiksi,71.6872,128.8694,240.7,100,44,2.86,RU,1676765515
102,atuona,-9.8,-139.0333,299.47,76,90,6.99,PF,1676765395
103,jatiroto,-7.8833,111.1167,297.0,92,100,1.53,ID,1676765288
104,kysyl-syr,63.8986,122.7617,242.13,100,99,1.3,RU,1676765516
105,lakselv,70.0513,24.9718,271.05,86,100,4.12,NO,1676765516
106,leopold,-38.1833,144.4667,294.72,69,75,4.12,AU,1676765517
107,nikolayevsk-na-amure,53.1406,140.73,255.91,92,94,0.99,RU,1676765517
108,sitka,57.0531,-135.33,277.09,81,100,4.12,US,1676765518
109,lazo,43.3817,133.9014,267.32,90,100,1.58,RU,1676765519
110,oranjemund,-28.55,16.4333,291.51,82,95,2.0,NA,1676765519
111,kirakira,-10.4544,161.9205,302.76,63,79,1.41,SB,1676765520
112,sao gabriel da cachoeira,-0.1303,-67.0892,296.43,97,100,0.59,BR,1676765520
113,san patricio,28.017,-97.5169,289.55,63,100,4.46,US,1676765521
114,bredasdorp,-34.5322,20.0403,291.59,77,27,1.72,ZA,1676765523
115,olinda,-8.0089,-34.8553,299.69,78,80,4.8,BR,1676765524
116,chokurdakh,70.6333,147.9167,228.6,100,87,0.34,RU,1676765526
117,butaritari,3.0707,172.7902,300.52,76,13,4.35,KI,1676765529
118,mar del plata,-38.0023,-57.5575,289.19,75,28,0.0,AR,1676765267
119,coquimbo,-29.9533,-71.3436,295.0,56,0,4.63,CL,1676765532
120,pevek,69.7008,170.3133,238.05,91,100,0.9,RU,1676765533
121,jiexiu,37.0244,111.9125,271.97,41,0,3.44,CN,1676765533
122,todos santos,23.45,-110.2167,292.84,77,100,2.65,MX,1676765534
123,ueno,34.75,136.1333,285.61,86,100,4.81,JP,1676765535
124,fortuna,40.5982,-124.1573,284.78,77,0,5.66,US,1676765535
125,georgetown,5.4112,100.3354,299.11,73,20,2.06,MY,1676765274
126,limbang,4.75,115.0,298.21,95,100,0.37,MY,1676765537
127,nuevitas,21.5453,-77.2644,297.48,70,2,5.71,CU,1676765539
128,chuy,-33.6971,-53.4616,288.46,51,5,4.25,UY,1676765542
129,harper,4.375,-7.7169,299.74,87,5,3.01,LR,1676765545
130,nome,64.5011,-165.4064,261.19,79,100,2.57,US,1676765545
131,saint-philippe,-21.3585,55.7679,296.92,81,48,4.11,RE,1676765549
132,lorengau,-2.0226,147.2712,300.82,79,98,1.67,PG,1676765557
133,barrow,71.2906,-156.7887,251.16,71,100,2.06,US,1676765558
134,iskele,39.484,26.9278,281.2,93,40,0.0,TR,1676765559
135,warrington,53.3925,-2.5802,283.49,88,75,10.29,GB,1676765282
136,puerto madryn,-42.7692,-65.0385,291.59,46,38,10.68,AR,1676765560
137,saskylakh,71.9167,114.0833,251.19,97,99,4.2,RU,1676765561
138,cayenne,4.9333,-52.3333,297.17,94,100,2.57,GF,1676765561
139,yebaishou,41.3975,119.6408,266.19,51,0,3.26,CN,1676765562
140,tianpeng,30.9866,103.9393,279.42,57,45,1.71,CN,1676765563
141,pacific grove,36.6177,-121.9166,291.7,64,0,3.6,US,1676765564
142,waipawa,-41.4122,175.5153,294.55,52,3,4.17,NZ,1676765382
143,moyobamba,-6.05,-76.9667,293.65,94,66,0.39,PE,1676765564
144,rio gallegos,-51.6226,-69.2181,286.18,38,40,4.12,AR,1676765540
145,norman wells,65.282,-126.8329,252.45,91,87,2.93,CA,1676765565
146,marsh harbour,26.5412,-77.0636,296.3,79,99,8.62,BS,1676765566
147,sisimiut,66.9395,-53.6735,261.91,90,88,3.01,GL,1676765567
148,sorland,67.667,12.6934,275.07,63,50,2.55,NO,1676765568
149,beloha,-25.1667,45.05,296.83,89,61,0.46,MG,1676765568
150,hofn,64.2539,-15.2082,273.74,99,100,5.46,IS,1676765569
151,mount gambier,-37.8333,140.7667,294.91,51,17,3.2,AU,1676765552
152,abomey,7.1829,1.9912,296.94,39,48,1.2,BJ,1676765570
153,upernavik,72.7868,-56.1549,252.01,78,96,4.93,GL,1676765570
154,dunedin,-45.8742,170.5036,294.71,70,84,0.89,NZ,1676765570
155,kavieng,-2.5744,150.7967,300.77,77,99,1.24,PG,1676765571
156,nikolskoye,59.7035,30.7861,269.09,88,100,5.78,RU,1676765571
157,havre-saint-pierre,50.2334,-63.5986,261.35,85,100,5.66,CA,1676765572
158,broome,42.2506,-75.833,275.86,52,0,4.63,US,1676765572
159,ciudad bolivar,8.1222,-63.5497,300.43,55,86,4.0,VE,1676765573
160,montrose,38.4166,-108.2673,266.22,76,83,2.2,US,1676765352
161,lima,-12.0432,-77.0282,297.29,69,0,6.17,PE,1676765566
162,chicama,-7.8447,-79.1469,297.45,66,82,3.27,PE,1676765573
163,sidhi,24.4167,81.8833,289.55,48,0,0.43,IN,1676765574
164,nouadhibou,20.931,-17.0347,290.84,73,95,9.08,MR,1676765574
165,ilebo,-4.3167,20.5833,295.5,89,95,0.7,CD,1676765574
166,beringovskiy,63.05,179.3167,251.0,95,100,6.71,RU,1676765569
167,vila velha,-20.3297,-40.2925,299.12,90,20,2.57,BR,1676765575
168,qaanaaq,77.484,-69.3632,249.41,53,19,3.65,GL,1676765575
169,portland,45.5234,-122.6762,284.11,82,100,3.6,US,1676765305
170,esperance,-33.8667,121.9,295.32,75,0,6.47,AU,1676765576
171,abrau-dyurso,44.69,37.59,280.85,96,100,6.63,RU,1676765576
172,mariano comense,45.6921,9.1797,281.98,89,93,0.45,IT,1676765577
173,ust-kuyga,70.0167,135.6,232.17,100,99,1.92,RU,1676765577
174,jumla,29.2747,82.1838,280.08,53,6,1.86,NP,1676765577
175,laguna,38.421,-121.4238,289.91,36,0,1.54,US,1676765578
176,yining,29.0361,114.5636,284.03,79,100,1.47,CN,1676765578
177,smithers,54.7804,-127.1743,275.5,91,99,0.75,CA,1676765579
178,tahoua,14.8888,5.2692,291.21,13,21,5.99,NE,1676765579
179,thompson,55.7435,-97.8558,248.81,96,100,1.63,CA,1676765580
180,melilla,35.2937,-2.9383,288.36,94,100,4.63,ES,1676765580
181,hadgaon,19.5,77.6667,293.65,27,0,1.47,IN,1676765581
182,shellbrook,53.2168,-106.4011,261.22,90,94,4.0,CA,1676765581
183,nizhniy baskunchak,48.2198,46.8311,272.71,98,100,7.3,RU,1676765582
184,manggar,-2.8833,108.2667,299.25,85,77,3.9,ID,1676765583
185,salima,-13.7804,34.4587,294.39,92,100,1.0,MW,1676765584
186,airai,-8.9266,125.4092,292.37,77,89,0.33,TL,1676765585
187,bereslavka,48.6254,44.0449,273.53,98,100,7.35,RU,1676765585
188,lusambo,-4.9667,23.45,295.14,94,100,1.09,CD,1676765587
189,liverpool,53.4106,-2.9779,283.39,88,75,10.29,GB,1676765434
190,kashi,39.4547,75.9797,273.11,86,89,1.75,CN,1676765588
191,tabou,4.423,-7.3528,299.76,87,6,2.65,CI,1676765591
192,ammon,43.4696,-111.9666,266.43,76,100,4.63,US,1676765592
193,abu samrah,35.3029,37.1841,279.39,70,0,1.66,SY,1676765592
194,aklavik,68.2191,-135.0107,250.06,94,100,5.42,CA,1676765593
195,asfi,32.2994,-9.2372,288.06,71,72,3.23,MA,1676765594
196,tura,25.5198,90.2201,289.23,46,0,1.34,IN,1676765595
197,great yarmouth,52.6083,1.7305,284.49,82,88,9.12,GB,1676765597
198,bom jesus da lapa,-13.255,-43.4181,297.59,69,76,2.35,BR,1676765599
199,saint george,37.1041,-113.5841,287.18,27,0,1.34,US,1676765553
200,bar harbor,44.3876,-68.2039,272.6,71,0,2.24,US,1676765487
201,port-gentil,-0.7193,8.7815,300.84,83,94,4.46,GA,1676765601
202,walvis bay,-22.9575,14.5053,290.42,93,5,3.3,NA,1676765602
203,selizharovo,56.8519,33.4487,266.18,94,100,5.16,RU,1676765602
204,wanning,18.8003,110.3967,293.67,87,89,3.72,CN,1676765603
205,sinnamary,5.3833,-52.95,297.36,88,49,4.92,GF,1676765605
206,uvelskiy,54.4446,61.3574,247.73,100,99,2.32,RU,1676765609
207,zhanaozen,43.3,52.8,273.95,93,26,4.52,KZ,1676765610
208,kutum,14.2,24.6667,285.43,21,0,4.23,SD,1676765611
209,pierre,44.3683,-100.351,277.19,60,0,2.68,US,1676765611
210,shenjiamen,29.9576,122.298,282.61,87,100,7.73,CN,1676765612
211,cherskiy,68.75,161.3,238.34,91,100,1.54,RU,1676765613
212,pyay,18.8167,95.2167,293.69,65,0,1.16,MM,1676765617
213,rognan,67.0953,15.3878,273.23,85,95,3.16,NO,1676765618
214,eyl,7.9803,49.8164,295.02,78,7,6.61,SO,1676765618
215,provideniya,64.3833,-173.3,252.38,90,63,4.16,RU,1676765570
216,filotas,40.6333,21.7,282.11,64,40,1.92,GR,1676765619
217,vanimo,-2.6741,141.3028,299.68,85,100,0.91,PG,1676765620
218,luderitz,-26.6481,15.1594,289.54,90,0,4.66,NA,1676765621
219,lanjaghbyur,40.2715,45.1404,267.0,69,96,5.23,AM,1676765621
220,la ronge,55.1001,-105.2842,254.85,94,100,1.76,CA,1676765622
221,rawson,-43.3002,-65.1023,291.22,42,36,9.28,AR,1676765622
222,krasnoselkup,65.7,82.4667,259.03,93,100,2.3,RU,1676765623
223,bangar,16.8936,120.4243,298.71,63,100,1.21,PH,1676765623
224,itapirapua,-15.8233,-50.6133,296.76,92,100,1.93,BR,1676765624
225,flin flon,54.7682,-101.865,253.19,96,100,1.74,CA,1676765624
226,salinopolis,-0.6136,-47.3561,298.25,89,100,4.97,BR,1676765625
227,louis trichardt,-23.0439,29.9032,293.42,85,100,3.46,ZA,1676765625
228,iqaluit,63.7506,-68.5145,232.52,86,14,3.47,CA,1676765626
229,verin,41.9415,-7.4381,283.59,66,66,0.89,ES,1676765626
230,dashitou,43.3067,128.5114,263.29,84,98,4.32,CN,1676765626
231,naco,31.3347,-109.9483,291.37,32,0,5.44,MX,1676765627
232,kiruna,67.8557,20.2251,264.66,93,100,0.0,SE,1676765627
233,lagoa,39.05,-27.9833,287.44,82,29,4.39,PT,1676765628
234,ozernovskiy,51.5,156.5167,263.4,69,12,2.85,RU,1676765628
235,osecina,44.3731,19.6014,280.92,80,30,1.84,RS,1676765628
236,gat,31.61,34.7642,287.26,76,0,2.84,IL,1676765629
237,charagua,-19.8,-63.2167,287.63,48,100,2.31,BO,1676765629
238,turayf,31.6725,38.6637,280.08,38,0,3.0,SA,1676765630
239,east london,-33.0153,27.9116,294.34,85,55,0.94,ZA,1676765509
240,carnarvon,-24.8667,113.6333,298.64,71,0,8.4,AU,1676765630
241,bay roberts,47.5999,-53.2648,266.67,87,82,0.45,CA,1676765631
242,mandera,3.9366,41.867,298.84,31,72,3.44,KE,1676765631
243,taoudenni,22.6783,-3.9836,296.66,14,15,4.94,ML,1676765631
244,fuyu,45.1833,124.8167,262.17,71,68,4.14,CN,1676765632
245,saldanha,-33.0117,17.9442,290.69,86,0,5.23,ZA,1676765632
246,nadym,65.5333,72.5167,253.98,91,20,3.97,RU,1676765633
247,beaverlodge,55.2166,-119.4361,260.79,92,100,2.46,CA,1676765633
248,victoria,22.2855,114.1577,295.0,77,100,0.89,HK,1676765634
249,mehamn,71.0357,27.8492,272.1,86,40,3.6,NO,1676765634
250,poum,-20.2333,164.0167,299.42,68,41,3.46,NC,1676765635
251,kavaratti,10.5669,72.642,299.21,70,2,1.1,IN,1676765635
252,okhotsk,59.3833,143.3,248.93,76,2,4.87,RU,1676765635
253,caravelas,-17.7125,-39.2481,298.26,86,4,2.59,BR,1676765397
254,mindelo,16.8901,-24.9804,292.74,79,92,8.81,CV,1676765636
255,talikota,16.4833,76.3167,294.42,31,0,2.86,IN,1676765636
256,sabha,27.0377,14.4283,283.29,45,0,5.22,LY,1676765636
257,bathsheba,13.2167,-59.5167,298.49,73,20,8.23,BB,1676765637
258,nanortalik,60.1432,-45.2371,269.95,82,100,7.16,GL,1676765637
259,klaksvik,62.2266,-6.589,273.66,67,100,2.91,FO,1676765638
260,mlowo,-9.0,32.9833,288.17,92,100,1.3,TZ,1676765638
261,morros,-9.4467,-46.3003,295.97,84,41,0.33,BR,1676765638
262,debica,50.0515,21.4114,279.23,85,100,7.32,PL,1676765639
263,jinxiang,27.4327,120.6062,286.35,89,54,4.85,CN,1676765640
264,codrington,-38.2667,141.9667,294.96,50,3,3.36,AU,1676765640
265,pacifica,37.6138,-122.4869,291.89,56,75,1.54,US,1676765525
266,chateaubelair,13.2833,-61.25,297.65,75,18,6.9,VC,1676765641
267,baykit,61.67,96.37,247.62,100,97,0.21,RU,1676765641
268,altay,47.8667,88.1167,262.51,47,83,3.51,CN,1676765642
269,tual,-5.6667,132.75,299.68,85,100,8.17,ID,1676765643
270,umm lajj,25.0213,37.2685,295.27,46,98,3.95,SA,1676765644
271,vao,-22.6667,167.4833,297.61,64,99,6.09,NC,1676765646
272,nelson bay,-32.7167,152.15,300.37,81,93,0.89,AU,1676765648
273,general pico,-35.6566,-63.7568,290.22,14,1,4.05,AR,1676765593
274,ewa beach,21.3156,-158.0072,299.18,71,40,6.69,US,1676765581
275,baracoa,20.3467,-74.4958,297.75,74,21,6.33,CU,1676765651
276,leshukonskoye,64.8989,45.7622,260.28,95,97,3.04,RU,1676765652
277,lavrentiya,65.5833,-171.0,249.35,87,100,3.27,RU,1676765652
278,erlanger,39.0167,-84.6008,278.61,51,75,3.09,US,1676765653
279,kabo,7.6994,18.629,295.88,21,9,2.26,CF,1676765654
280,negombo,7.2083,79.8358,298.18,88,40,3.09,LK,1676765658
281,kieta,-6.2167,155.6333,302.77,69,100,1.83,PG,1676765659
282,mahebourg,-20.4081,57.7,299.31,89,75,5.14,MU,1676765662
283,quatre cocos,-20.2078,57.7625,299.21,85,43,5.02,MU,1676765665
284,sarkand,45.41,79.9186,270.48,94,95,1.46,KZ,1676765665
285,meulaboh,4.1363,96.1285,296.88,90,88,1.82,ID,1676765675
286,ust-nera,64.5667,143.2,237.1,95,93,0.86,RU,1676765675
287,jensen beach,27.2545,-80.2298,295.4,71,100,5.14,US,1676765473
288,nemuro,43.3236,145.575,271.0,68,100,5.45,JP,1676765676
289,banamba,13.55,-7.45,296.51,14,33,3.92,ML,1676765677
290,sabang,5.8933,95.3214,300.81,72,86,6.42,ID,1676765678
291,havelock,34.8791,-76.9013,279.79,68,0,0.45,US,1676765582
292,chiriguana,9.3624,-73.6031,301.55,47,1,3.0,CO,1676765680
293,havoysund,70.9963,24.6622,274.28,88,100,1.1,NO,1676765680
294,severo-kurilsk,50.6789,156.125,267.13,70,89,1.71,RU,1676765681
295,newport,51.5877,-2.9984,283.21,86,86,5.8,GB,1676765681
296,bambous virieux,-20.3428,57.7575,299.29,89,75,5.14,MU,1676765682
297,lingao,19.9103,109.6859,292.62,93,91,3.2,CN,1676765682
298,visnes,59.3556,5.2242,274.94,93,40,2.06,NO,1676765683
299,shingu,33.7333,135.9833,290.35,81,98,8.65,JP,1676765683
300,la libertad,-2.2333,-80.9,299.92,76,70,3.39,EC,1676765684
301,sorong,-0.8833,131.25,299.08,84,100,3.38,ID,1676765684
302,severo-yeniseyskiy,60.3725,93.0408,253.02,100,74,1.71,RU,1676765685
303,harboore,56.6175,8.1807,277.12,74,87,8.12,DK,1676765685
304,novo aripuana,-5.1206,-60.3797,296.84,93,93,1.1,BR,1676765686
305,touros,-5.1989,-35.4608,299.71,75,88,5.32,BR,1676765686
306,verkhnevilyuysk,63.4453,120.3167,242.9,99,99,2.13,RU,1676765559
307,praia da vitoria,38.7333,-27.0667,286.9,88,23,2.91,PT,1676765687
308,kloulklubed,7.0419,134.2556,296.43,79,99,7.68,PW,1676765687
309,puerto carreno,6.189,-67.4859,303.4,32,62,4.85,CO,1676765416
310,marzuq,14.4,46.4667,287.76,42,9,1.76,YE,1676765688
311,tautira,-17.7333,-149.15,300.74,74,38,5.48,PF,1676765688
312,karratha,-20.7377,116.8463,303.74,54,7,1.17,AU,1676765689
313,sakakah,29.9697,40.2064,280.75,36,0,2.31,SA,1676765685
314,port lincoln,-34.7333,135.8667,295.29,58,0,2.41,AU,1676765443
315,yarmouth,41.7057,-70.2286,274.82,72,0,4.12,US,1676765689
316,kahului,20.8947,-156.47,299.16,69,40,4.63,US,1676765453
317,ushtobe,45.2514,77.9838,269.13,97,100,1.7,KZ,1676765691
318,ballina,-28.8667,153.5667,301.92,67,13,2.98,AU,1676765441
319,ponta do sol,32.6667,-17.1,290.77,63,23,2.73,PT,1676765692
320,bartica,6.4,-58.6167,297.33,98,67,1.11,GY,1676765692
321,mbigou,-1.9005,11.906,293.9,97,100,1.64,GA,1676765693
322,almaznyy,48.0448,40.045,274.42,91,100,7.74,RU,1676765693
323,srednekolymsk,67.45,153.6833,235.02,97,100,1.39,RU,1676765694
324,tokur,53.1333,132.9,248.67,99,100,0.93,RU,1676765559
325,blacksburg,37.2296,-80.4139,279.04,67,0,0.0,US,1676765574
326,bandarbeyla,9.4942,50.8122,296.5,77,5,8.33,SO,1676765694
327,mecca,21.4267,39.8261,295.47,65,50,0.95,SA,1676765625
328,northam,51.0333,-4.2167,282.81,94,62,6.15,GB,1676765695
329,los llanos de aridane,28.6585,-17.9182,288.01,72,40,4.12,ES,1676765695
330,sao joao da barra,-21.6403,-41.0511,298.24,88,23,7.17,BR,1676765696
331,oga,46.4631,10.347,278.16,73,97,1.69,IT,1676765696
332,rietavas,55.7194,21.9311,273.99,84,7,4.7,LT,1676765697
333,bubaque,11.2833,-15.8333,296.25,71,79,5.66,GW,1676765697
334,bereda,43.2686,-7.5406,281.16,97,47,1.58,ES,1676765697
335,nalut,30.3333,10.85,283.2,49,0,4.6,LY,1676765698
336,aljezur,37.3191,-8.8033,286.06,87,70,0.58,PT,1676765698
337,erdemli,36.605,34.3084,282.46,78,6,1.89,TR,1676765698
338,shepetivka,50.1855,27.0637,274.95,94,100,4.8,UA,1676765699
339,ahuimanu,21.4447,-157.8378,299.05,76,80,4.95,US,1676765699
340,prata,-19.3072,-48.9242,294.68,88,99,1.78,BR,1676765700
341,tuatapere,-46.1333,167.6833,292.42,64,98,2.57,NZ,1676765700
342,sibolga,1.7427,98.7792,297.22,90,44,1.38,ID,1676765701
343,qasigiannguit,68.8193,-51.1922,271.29,59,100,5.31,GL,1676765702
344,qeshm,26.9581,56.2719,293.09,64,93,6.78,IR,1676765703
345,vallenar,-28.5708,-70.7581,295.67,57,0,1.98,CL,1676765707
346,ilulissat,69.2167,-51.1,271.16,59,75,11.32,GL,1676765709
347,price,39.5994,-110.8107,272.74,37,0,0.0,US,1676765709
348,dwarka,22.2394,68.9678,295.1,74,1,3.04,IN,1676765710
349,tarakan,3.3,117.6333,298.66,85,99,2.22,ID,1676765711
350,anadyr,64.75,177.4833,251.48,69,0,2.0,RU,1676765715
351,sao jose de piranhas,-7.1206,-38.5019,296.54,73,47,2.05,BR,1676765718
352,kaitangata,-46.2817,169.8464,294.85,49,96,2.46,NZ,1676765718
353,santa cruz del sur,20.7147,-77.9956,299.21,58,0,7.15,CU,1676765719
354,souillac,-20.5167,57.5167,299.36,89,75,5.14,MU,1676765719
355,metro,-5.1131,105.3067,296.93,93,100,2.0,ID,1676765729
356,jonuta,18.0833,-92.1333,295.67,91,29,3.67,MX,1676765732
357,port hedland,-20.3167,118.5667,304.18,79,75,3.09,AU,1676765732
358,ayagoz,47.9714,80.4392,266.95,95,100,5.61,KZ,1676765733
359,vazhiny,60.9644,34.0222,267.0,84,79,5.23,RU,1676765733
360,inegol,40.0781,29.5133,277.75,76,61,3.33,TR,1676765734
361,mananjary,-21.2167,48.3333,297.2,87,100,2.48,MG,1676765734
362,brae,60.3964,-1.353,279.13,76,100,9.17,GB,1676765736
363,saint anthony,45.0205,-93.218,275.21,78,0,3.09,US,1676765739
364,banda aceh,5.5577,95.3222,298.16,84,67,4.52,ID,1676765740
365,longyearbyen,78.2186,15.6401,260.06,56,75,6.17,SJ,1676765740
366,san luis,-33.295,-66.3356,289.18,26,0,3.28,AR,1676765508
367,kawhia,-38.0651,174.8183,298.43,64,6,2.74,NZ,1676765743
368,union,40.6334,-74.2663,278.77,46,0,4.12,US,1676765743
369,aksu,41.1231,80.2644,271.99,76,93,1.87,CN,1676765744
370,la orilla,17.9833,-102.2333,301.06,52,0,4.62,MX,1676765744
371,phan thiet,10.9333,108.1,297.31,80,100,1.24,VN,1676765658
372,vanavara,60.34,102.2797,246.81,100,99,1.7,RU,1676765745
373,san giovanni in fiore,39.2633,16.6996,281.47,73,7,2.01,IT,1676765746
374,jining,35.405,116.5814,274.88,32,20,1.3,CN,1676765746
375,shobara,34.85,133.0167,285.62,94,100,4.97,JP,1676765747
376,angoram,-4.0625,144.0661,299.9,83,100,1.31,PG,1676765747
377,albion,42.2431,-84.753,277.17,68,0,1.54,US,1676765748
378,namibe,-15.1961,12.1522,294.05,68,96,3.55,AO,1676765748
379,atar,20.5169,-13.0499,299.53,16,100,2.69,MR,1676765749
380,nanpiao,41.0982,120.7479,270.24,34,0,4.11,CN,1676765749
381,ahipara,-35.1667,173.1667,295.25,59,1,1.66,NZ,1676765750
382,saint-pierre,-21.3393,55.4781,297.54,64,100,2.57,RE,1676765750
383,fukuma,33.7667,130.4667,287.23,86,100,9.65,JP,1676765751
384,nantucket,41.2835,-70.0995,275.18,64,0,7.2,US,1676765751
385,asau,46.4333,26.4,284.66,85,88,9.43,RO,1676765752
386,salym,60.0625,71.4789,255.56,98,100,1.34,RU,1676765752
387,mount isa,-20.7333,139.5,297.02,88,100,5.14,AU,1676765752
388,avare,-23.0986,-48.9258,289.57,94,98,7.23,BR,1676765515
389,dok kham tai,19.1624,99.9934,290.67,68,0,1.14,TH,1676765753
390,mountain home,43.133,-115.6912,276.56,45,100,0.89,US,1676765753
391,moerai,-22.4333,-151.3333,300.78,70,23,4.1,PF,1676765754
392,helena,46.5927,-112.0361,275.7,58,40,6.69,US,1676765643
393,yeovil,50.9416,-2.6321,283.38,87,75,7.2,GB,1676765755
394,encruzilhada,-15.5314,-40.9094,293.48,79,22,2.51,BR,1676765755
395,adrar,20.5022,-10.0711,297.1,15,45,4.39,MR,1676765755
396,axim,4.8699,-2.2405,298.4,86,8,1.77,GH,1676765756
397,zeya,53.75,127.2667,251.74,96,98,1.07,RU,1676765756
398,vestmannaeyjar,63.4427,-20.2734,277.37,81,100,1.87,IS,1676765757
399,maralal,1.0968,36.698,288.58,65,96,4.24,KE,1676765759
400,paamiut,61.994,-49.6678,271.08,91,100,6.12,GL,1676765759
401,riyadh,24.6877,46.7219,282.23,26,94,3.4,SA,1676765536
402,isangel,-19.55,169.2667,303.21,66,75,2.06,VU,1676765760
403,mangrol,21.1167,70.1167,296.53,44,0,3.74,IN,1676765760
404,taga,46.95,24.05,283.33,82,92,10.96,RO,1676765762
405,shelburne,44.0787,-80.2041,272.11,86,100,5.3,CA,1676765758
406,ulaangom,49.9811,92.0667,245.44,95,92,1.05,MN,1676765764
407,yomou,7.5603,-9.2653,295.06,53,6,1.46,GN,1676765765
408,taicheng,38.731,113.228,265.27,67,0,2.25,CN,1676765766
409,rio tercero,-32.173,-64.1141,286.18,28,0,3.86,AR,1676765767
410,talnakh,69.4865,88.3972,259.38,95,100,3.7,RU,1676765767
411,yadgir,16.7667,77.1333,294.33,46,0,2.48,IN,1676765768
412,zyryanka,65.75,150.85,235.91,97,99,1.66,RU,1676765773
413,san quintin,30.4833,-115.95,289.09,45,5,2.58,MX,1676765775
414,clyde river,70.4692,-68.5914,244.28,69,100,7.2,CA,1676765776
415,tessalit,20.1986,1.0114,292.33,14,0,5.31,ML,1676765599
416,pecos,31.4229,-103.4932,287.2,24,0,4.12,US,1676765782
417,faya,18.3851,42.4509,284.21,83,2,1.16,SA,1676765789
418,yar-sale,66.8333,70.8333,255.35,92,49,4.98,RU,1676765792
419,humaita,-7.5061,-63.0208,297.78,86,61,0.65,BR,1676765792
420,ishigaki,24.3448,124.1572,294.45,71,99,4.93,JP,1676765793
421,nishihara,26.1842,127.7558,293.96,68,75,3.09,JP,1676765798
422,tobol,52.6844,62.5794,260.59,96,94,3.03,KZ,1676765799
423,atlantic beach,30.3344,-81.3987,286.5,80,0,4.12,US,1676765799
424,catuday,16.2923,119.8062,298.23,70,100,4.48,PH,1676765800
425,university place,47.2356,-122.5504,282.56,89,100,1.54,US,1676765730
426,balkanabat,39.5108,54.3671,279.5,28,68,1.24,TM,1676765801
427,basco,20.4487,121.9702,297.38,79,100,10.91,PH,1676765801
428,avera,33.194,-82.5271,281.43,45,0,2.78,US,1676765802
429,hamilton,39.1834,-84.5333,279.14,50,0,3.09,US,1676765737
430,santa marta,11.2408,-74.199,298.16,74,3,8.34,CO,1676765563
431,gigmoto,13.7796,124.39,298.18,97,100,8.13,PH,1676765803
432,constitucion,-35.3333,-72.4167,287.9,83,0,2.02,CL,1676765756
433,makakilo city,21.3469,-158.0858,298.49,71,40,6.69,US,1676765804
434,sampit,-2.5333,112.95,298.15,88,95,1.84,ID,1676765804
435,lasa,46.6166,10.7002,280.09,60,94,2.41,IT,1676765805
436,seymchan,62.8833,152.4333,241.05,94,99,0.91,RU,1676765806
437,saint-paul,-21.0096,55.2707,297.79,93,32,0.89,RE,1676765806
438,ostrovnoy,68.0531,39.5131,268.7,85,100,9.49,RU,1676765807
439,pachino,36.7186,15.0907,283.9,74,0,2.93,IT,1676765807
440,bardsir,29.9227,56.5743,279.59,66,48,2.08,IR,1676765808
441,muravlenko,63.7898,74.523,250.36,95,92,2.12,RU,1676765809
442,okha,53.5739,142.9478,250.25,97,100,2.46,RU,1676765809
443,half moon bay,37.4636,-122.4286,292.52,50,75,1.54,US,1676765809
444,conde,-7.2597,-34.9075,300.85,69,0,3.6,BR,1676765577
445,lata,40.1629,-8.3327,287.49,85,98,1.69,PT,1676765810
446,lucapa,-8.4192,20.7447,291.13,94,100,1.27,AO,1676765810
447,warner robins,32.621,-83.5999,284.07,50,0,2.57,US,1676765536
448,nipawin,53.3668,-104.0009,259.17,72,100,3.6,CA,1676765811
449,gaziantep,37.0594,37.3825,270.11,86,0,0.0,TR,1676765811
450,menongue,-14.6585,17.691,289.14,51,91,1.52,AO,1676765812
451,sobolevo,54.4299,31.8996,272.9,97,100,6.06,RU,1676765812
452,antalaha,-14.9003,50.2788,296.88,82,59,2.68,MG,1676765813
453,camalu,30.85,-116.0667,288.7,41,16,2.15,MX,1676765813
454,kapit,2.0167,112.9333,296.7,98,98,0.19,MY,1676765814
455,osoyoos,49.0331,-119.4524,283.38,37,34,3.6,CA,1676765814
456,qaqortoq,60.7167,-46.0333,267.55,96,100,1.44,GL,1676765814
457,prince rupert,54.3161,-130.3201,277.98,75,100,4.63,CA,1676765815
458,benalla,-36.55,145.9833,300.54,26,5,1.75,AU,1676765815
459,chandvad,20.3333,74.25,291.18,25,0,1.42,IN,1676765815
460,oud-heverlee,50.8352,4.6642,283.99,92,100,6.69,BE,1676765816
461,camaguey,21.3808,-77.9169,297.34,69,20,7.2,CU,1676765816
462,sironj,24.1,77.7,290.46,40,0,0.63,IN,1676765817
463,kharhial,20.2833,82.7667,291.5,54,4,0.58,IN,1676765817
464,praia,14.9215,-23.5087,293.45,83,20,9.77,CV,1676765818
465,maloy,61.9353,5.1136,274.11,74,83,5.36,NO,1676765818
466,hasaki,35.7333,140.8333,286.37,76,100,14.38,JP,1676765819
467,annau,37.8876,58.516,279.63,60,1,2.05,TM,1676765819
468,moorhead,46.8739,-96.7676,273.16,80,100,7.72,US,1676765820
469,kamenka,51.3223,42.7678,265.96,95,100,5.82,RU,1676765820
470,pangai,-19.8,-174.35,303.21,74,75,2.57,TO,1676765821
471,fukue,32.6881,128.8419,286.25,82,100,11.26,JP,1676765821
472,isla aguada,18.7833,-91.4667,298.17,84,44,6.03,MX,1676765823
473,camacha,33.0833,-16.3333,287.83,82,20,4.63,PT,1676765824
474,palmer,42.1584,-72.3287,274.8,55,0,1.54,US,1676765647
475,lensk,60.7253,114.9278,248.2,99,99,1.91,RU,1676765825
476,matagami,49.7502,-77.6328,259.21,85,0,3.6,CA,1676765826
477,kibakwe,-6.7167,36.3667,290.73,95,100,1.61,TZ,1676765827
478,horsham,51.064,-0.3272,283.21,84,20,4.63,GB,1676765827
479,cabedelo,-6.9811,-34.8339,301.52,79,8,4.74,BR,1676765593
480,houma,29.5958,-90.7195,285.93,65,34,1.44,US,1676765600
481,pointe-noire,-4.7761,11.8635,299.83,88,100,3.1,CG,1676765831
482,poya,-21.35,165.15,301.33,53,9,3.0,NC,1676765834
483,yulara,-25.2406,130.9889,302.88,40,0,8.73,AU,1676765646
484,olafsvik,64.8945,-23.7142,275.33,93,100,4.14,IS,1676765739
485,ekhabi,53.5102,142.9671,250.67,97,100,2.43,RU,1676765839
486,shizunai,42.3339,142.3669,275.14,69,100,1.34,JP,1676765842
487,ancud,-41.8697,-73.8203,287.04,83,80,1.16,CL,1676765847
488,benguela,-12.5763,13.4055,296.19,85,93,1.3,AO,1676765850
489,tornio,65.8481,24.1466,269.16,97,100,3.16,FI,1676765851
490,opuwo,-18.0607,13.84,287.65,52,50,2.07,NA,1676765852
491,hurghada,27.2574,33.8129,287.51,59,75,7.81,EG,1676765852
492,mazagao,-0.115,-51.2894,300.18,96,88,1.92,BR,1676765853
493,guerrero negro,27.9769,-114.0611,291.97,46,39,5.92,MX,1676765856
494,macclesfield,53.2602,-2.1256,282.69,86,100,7.72,GB,1676765858
495,santa cruz,-17.8,-63.1667,290.85,68,40,3.09,BO,1676765705
496,katherine,-14.4667,132.2667,302.33,74,75,2.57,AU,1676765859
497,kathmandu,27.7167,85.3167,285.28,74,20,1.54,NP,1676765859
498,ratne,51.6683,24.5303,276.61,73,99,7.96,UA,1676765860
499,zhezkazgan,47.8043,67.7144,255.24,100,100,0.78,KZ,1676765861
500,madimba,-10.4,40.3333,298.77,80,67,2.73,TZ,1676765861
501,sakaiminato,35.55,133.2333,284.14,100,75,5.14,JP,1676765862
502,buchanan,5.8808,-10.0467,299.2,90,2,2.54,LR,1676765863
503,pisco,-13.7,-76.2167,298.18,78,0,8.23,PE,1676765863
504,lompoc,34.6391,-120.4579,291.38,44,60,3.58,US,1676765864
505,redlands,34.0556,-117.1825,293.23,21,0,0.45,US,1676765742
506,tobermory,45.2501,-81.6665,274.41,75,100,6.54,CA,1676765864
507,tripoli,32.8752,13.1875,286.26,69,0,2.08,LY,1676765865
508,henties bay,-22.116,14.2845,290.64,92,17,2.27,NA,1676765865
509,acopiara,-6.0953,-39.4525,296.88,71,23,2.88,BR,1676765866
510,goderich,43.7501,-81.7165,275.33,75,98,3.6,CA,1676765866
511,honiara,-9.4333,159.95,302.72,67,100,1.07,SB,1676765867
512,gondar,12.6,37.4667,288.22,47,0,2.41,ET,1676765867
513,strelka,58.0728,93.0344,256.3,100,99,1.48,RU,1676765868
514,semey,50.4111,80.2275,260.05,96,100,2.15,KZ,1676765868
515,hami,42.8,93.45,271.52,27,78,1.03,CN,1676765869
516,maua,-23.6678,-46.4614,293.35,96,100,4.97,BR,1676765747
517,marfino,55.7028,37.3822,266.23,85,100,5.0,RU,1676765870
518,graaff-reinet,-32.2522,24.5308,289.22,95,100,2.29,ZA,1676765870
519,lomovka,53.9194,58.3672,253.52,100,96,0.17,RU,1676765870
520,cheney,47.4874,-117.5758,280.34,49,40,4.63,US,1676765871
521,bathurst,-33.4166,149.5806,300.35,54,0,0.89,AU,1676765871
522,palu,-0.8917,119.8707,299.99,82,100,0.54,ID,1676765872
523,cape canaveral,28.4058,-80.6048,294.19,69,20,6.69,US,1676765873
524,oum hadjer,13.2954,19.6966,293.01,15,3,4.96,TD,1676765873
525,primorsk,46.7348,36.3443,276.0,82,99,4.21,UA,1676765874
526,trelleborg,55.3751,13.1569,275.92,81,47,8.23,SE,1676765875
527,thinadhoo,0.5333,72.9333,300.53,74,61,4.09,MV,1676765875
528,brazzaville,-4.2658,15.2832,298.55,77,100,0.87,CG,1676765876
529,trairi,-3.2778,-39.2689,297.54,91,77,3.19,BR,1676765696
530,nola,40.922,14.5329,285.72,77,76,1.16,IT,1676765877
531,labuhan,-6.8844,112.2051,298.71,86,100,3.7,ID,1676765877
532,montesilvano,42.5039,14.138,284.02,100,100,2.57,IT,1676765878
533,alihe,50.5667,123.7167,256.24,93,100,1.31,CN,1676765878
534,darnah,32.767,22.6367,285.62,77,8,4.06,LY,1676765879
535,san ramon,37.7799,-121.978,290.89,39,0,4.63,US,1676765754
536,margate,51.3813,1.3862,284.19,74,85,2.24,GB,1676765880
537,masuda,34.6667,131.85,285.3,94,75,7.2,JP,1676765880
538,shestakovo,56.4915,103.96,244.82,100,100,1.09,RU,1676765881
539,korla,41.7597,86.1469,272.08,74,100,2.47,CN,1676765881
540,la rioja,42.25,-2.5,271.03,70,37,1.77,ES,1676765883
541,linxia,35.6003,103.2064,268.18,79,71,0.6,CN,1676765884
542,fairview,40.8126,-73.999,278.39,40,0,6.17,US,1676765885
